Question,OptionA,OptionB,OptionC,OptionD,CorrectAnswer,Reason
Who is considered the father of modern chess?,Bobby Fischer,Garry Kasparov,Anatoly Karpov,Wilhelm Steinitz,Wilhelm Steinitz,Wilhelm Steinitz is considered the father of modern chess due to his contributions to positional play and the development of chess theory.
Which country has won the most Chess Olympiad titles?,Russia,United States,China,Ukraine,Russia,"Russia has won the most Chess Olympiad titles, with a total of 10 gold medals."
Who was the first official World Chess Champion?,Bobby Fischer,Garry Kasparov,Anatoly Karpov,Wilhelm Steinitz,Wilhelm Steinitz,"Wilhelm Steinitz was the first official World Chess Champion, winning the title in 1886."
Which player has the highest peak rating in chess history?,Magnus Carlsen,Garry Kasparov,Fabiano Caruana,Vladimir Kramnik,Magnus Carlsen,"Magnus Carlsen achieved a peak rating of 2882 in 2014, the highest in chess history."
Who is the youngest World Chess Champion in history?,Bobby Fischer,Garry Kasparov,Viswanathan Anand,Magnus Carlsen,Garry Kasparov,Garry Kasparov became the youngest World Chess Champion in history at the age of 22.
Which player has the most consecutive wins in chess tournaments?,Bobby Fischer,Garry Kasparov,Magnus Carlsen,Viswanathan Anand,Magnus Carlsen,"Magnus Carlsen holds the record for the most consecutive wins in chess tournaments, with 7 victories in a row."
Who is the current World Chess Champion?,Magnus Carlsen,Garry Kasparov,Viswanathan Anand,Fabiano Caruana,Magnus Carlsen,"Magnus Carlsen is the current World Chess Champion, having held the title since 2013."
Which player has the most Chess960 (Fischer Random Chess) world titles?,Magnus Carlsen,Garry Kasparov,Viswanathan Anand,Hikaru Nakamura,Hikaru Nakamura,"Hikaru Nakamura has the most Chess960 (Fischer Random Chess) world titles, with a total of 4 championships."
Who is the only player to have defeated Garry Kasparov in a World Chess Championship match?,Vladimir Kramnik,Anatoly Karpov,Viswanathan Anand,Boris Spassky,Vladimir Kramnik,"Vladimir Kramnik is the only player to have defeated Garry Kasparov in a World Chess Championship match, winning in 2000."
Which player has the most Chess Olympiad medals?,Veselin Topalov,Vladimir Kramnik,Viswanathan Anand,Nigel Short,Veselin Topalov,"Veselin Topalov has the most Chess Olympiad medals, with a total of 9 medals (5 gold, 4 silver)."
Who is the only player to have won the World Chess Championship in three different formats?,Garry Kasparov,Vladimir Kramnik,Viswanathan Anand,Veselin Topalov,Viswanathan Anand,"Viswanathan Anand is the only player to have won the World Chess Championship in three different formats: knockout, tournament, and match."
Which player has the most consecutive wins in classical chess games?,Magnus Carlsen,Garry Kasparov,Viswanathan Anand,Vladimir Kramnik,Magnus Carlsen,"Magnus Carlsen holds the record for the most consecutive wins in classical chess games, with 111 victories in a row."
Who is the only player to have won the World Chess Championship and the World Correspondence Chess Championship?,Vladimir Kramnik,Viswanathan Anand,Boris Spassky,Veselin Topalov,Vladimir Kramnik,Vladimir Kramnik is the only player to have won both the World Chess Championship and the World Correspondence Chess Championship.
Which player has the most Chess960 (Fischer Random Chess) wins?,Magnus Carlsen,Garry Kasparov,Viswanathan Anand,Hikaru Nakamura,Magnus Carlsen,"Magnus Carlsen has the most Chess960 (Fischer Random Chess) wins, with a total of 8 victories."
Who is the only player to have won the World Chess Championship and the World Blitz Chess Championship?,Magnus Carlsen,Garry Kasparov,Viswanathan Anand,Vladimir Kramnik,Magnus Carlsen,Magnus Carlsen is the only player to have won both the World Chess Championship and the World Blitz Chess Championship.
Which player has the most Chess Olympiad appearances?,Veselin Topalov,Vladimir Kramnik,Viswanathan Anand,Nigel Short,Veselin Topalov,"Veselin Topalov has the most Chess Olympiad appearances, having represented Bulgaria in 10 Olympiads."
Who is the only player to have won the World Chess Championship and the World Rapid Chess Championship?,Magnus Carlsen,Garry Kasparov,Viswanathan Anand,Vladimir Kramnik,Magnus Carlsen,Magnus Carlsen is the only player to have won both the World Chess Championship and the World Rapid Chess Championship.
Which player has the most Chess960 (Fischer Random Chess) appearances?,Magnus Carlsen,Garry Kasparov,Viswanathan Anand,Hikaru Nakamura,Hikaru Nakamura,"Hikaru Nakamura has the most Chess960 (Fischer Random Chess) appearances, having participated in numerous tournaments and championships."
Who is the only player to have won the World Chess Championship and the World Team Chess Championship?,Vladimir Kramnik,Viswanathan Anand,Boris Spassky,Veselin Topalov,Viswanathan Anand,Viswanathan Anand is the only player to have won both the World Chess Championship and the World Team Chess Championship.
Which player has the most Chess960 (Fischer Random Chess) medals?,Magnus Carlsen,Garry Kasparov,Viswanathan Anand,Hikaru Nakamura,Hikaru Nakamura,"Hikaru Nakamura has the most Chess960 (Fischer Random Chess) medals, with a total of 6 medals (3 gold, 2 silver, 1 bronze)."
